{"cameraMode":{"drawMode":0,"name":"Shaded","section":"Shading Mode"},"sceneLighting":true,"audioPlay":false,"sceneViewState":{"m_AlwaysRefresh":false,"showFog":true,"showSkybox":true,"showFlares":true,"showImageEffects":true,"showParticleSystems":true,"showVisualEffectGraphs":true,"m_FxEnabled":true},"in2DMode":false,"pivot":{"x":3.3499197959899904,"y":11.378423690795899,"z":-6.940158843994141},"rotation":{"x":0.08047864586114884,"y":-0.1029769629240036,"z":0.008359240368008614,"w":0.9913889169692993},"size":8.707886695861817,"orthographic":false}